id,evidence_class,inclusion,version_basis,local_scope,limitation
APS-529-606,historical family,included as one family,529 lacks an exact fixed release and 606 is marked duplicate,weekday and daily-midnight reconstructions under APScheduler 3.11.0/1/2 with pinned 2024a,original pandas/pytz environment and jittered background task not run
APS-1021,historical family,included,reported against 3.11.0 and referenced by 3.11.1/2 release notes,exact Helsinki folded input plus affected/fixed next-occurrence calculations,selected replay does not prove universal issue resolution
SENTRY-66868,historical downstream family,included,Sentry 24.3.0 schedule branch and frozen croniter 1.3.10,local crontab-branch reconstruction and 80 before/after five-o'clock windows,full application hosted monitor and customer environment not run
APS-606-DUPLICATE,duplicate,excluded as an independent family,repository marks duplicate of 529,retained only as practical synchronization context,no extra defect count
MAIN-BOUNDARY,equal-budget generated observations,included separately,five historical released calculation modules with 2024a data,1120 transition/control windows per module plus four recurrence profiles,trace counts are correlated observations not independent defects
MAIN-UNIFORM,equal-budget baseline,included separately,five fixed pools and 1120 windows per module per pool,random dates under the same module/zone/profile budget,not a population prevalence estimate
SIGNATURE-BUDGET,de-correlated resampling analysis,included separately,behavioral signatures exclude zone year raw timestamp and case id,seven budgets with 200 deterministic resamples per module/strategy,signatures can still share a root cause and are not defect identities
UPSTREAM-TARGETS,existing regression baseline,included separately,four 3.11.0 DST parameter inputs and one later fold-progress test,15 module-input outcomes,not the complete upstream test suites
FACTORIAL-CODE-DATA,two-axis update experiment,included separately,five historical code modules x two TZif snapshots x 16 zones x two years x four profiles,10400 traces and four selected interactions,not exhaustive over releases zones or cron syntax
TZDB-ASUNCION,source-supported rule-change case,included separately,IANA 2025a NEWS with pinned 2024a/2025b bytes,accepted data effects plus code-data interaction analysis,source support does not waive a contract violation
POLICY-MATRIX,contract discrimination check,included separately,explicit fold first/second/both/unspecified and gap skip/unspecified branches,528 fold and 176 gap cases,self-consistency evidence rather than scheduler correctness evidence
COMPARATORS,baseline analysis,included separately,policy-blind first-branch cross-library and release differential checks,alarms false alarms uncertainty and shared missed violations,no claim that these exhaust all industrial baselines
LEGAL-CONTROLS,documented legal behavior,included separately,APScheduler wall-clock gap/fold documentation,explicit skip/both negative controls,selected controls are not a population false-positive rate
SENTRY-INTERVENTION,bounded application-local intervention,included separately,exact croniter 1.3.10 before path and limited explicit-policy enumerator after path,80 violations before and 80 passes after,no full deployment or adoption claim
MUTATION-CHALLENGE,synthetic sensitivity,included separately,six explicitly manufactured trace corruptions plus three benign transformations,651/651 detected and 384/384 benign pass,not a real-fault detection rate
CURRENT-RELEASE-HOLDOUT,time-separated release evaluation,included separately,APScheduler 3.11.2/3.11.3 and croniter 2.0.1/6.2.4 on 2025b non-discovery zones,4224 traces and 33456 calls; current rows contain 40 and 8 selected violations,local contract observations are not maintainer-confirmed defects
CURRENT-TZDB-HOLDOUT,time-separated rule-data evaluation,included separately,IANA 2026a/2026b named zones with pinned 2025b/2026b files,1056 traces; 31 accepted Vancouver changes and 8 changed APS observations not waived,later releases are evaluated separately rather than inferred
RULE-RELEASE-SERIES,consecutive source-named rule-data evaluation,included separately,tagged Python tzdata inputs corresponding to every IANA release 2026a through 2026e,3504 traces; 256 accepted changes 28 blocked changes and 1468 byte-only pairs,six named zones do not represent all changes in those releases
DECISION-RECORDS,evidence packaging,included separately,historical/current single-cell records plus paired old-data/new-data records,7032 records with code and TZif identity contract traces verdict and attribution,evidence packaging is not an additional detector or independent validation
MINIMIZED-WITNESSES,evidence reduction and replay audit,included separately,57 executed prefixes selected from blocked and accepted release decisions,all decisions preserved and all witnesses replay exactly; median event reduction 75 percent,prefix minimization does not isolate root cause or minimize semantic input
UNSUPPORTED-SYNTAX,scope exclusion,excluded,day-of-month month year nth-weekday leap seconds and arbitrary dialect semantics,finite hour minute weekday second-zero subset,no approximation fallback
LIVE-DEPLOYMENT,scope exclusion,excluded,no authorization or need for live requests,local next-occurrence APIs only,no adoption delivery or production result
